Workbook
Name Platforms: SETTINGS!$A$2:$A$20
Name PostTypes: SETTINGS!$B$2:$B$20
Name FunnelStage: SETTINGS!$C$2:$C$20
Name Objectives: SETTINGS!$D$2:$D$20
Name CTAs: SETTINGS!$E$2:$E$20
Name Statuses: SETTINGS!$F$2:$F$20
Name ContentPillars: SETTINGS!$G$2:$G$20
Name KPIs: SETTINGS!$I$2:$I$4
Name AngleTypes: SETTINGS!$J$2:$J$5

Sheet README
A1: Planeamento de Redes Sociais - Guia Rápido
A3: Como usar o documento:
A4: • Use a sheet CALENDAR para planear os posts (tem 12 semanas focadas em Quartas e Sábados).
A5: • Use os menus dropdown nas colunas para garantir consistência dos dados.
A6: • Em SETTINGS, pode atualizar tipos de post, plataformas ou pilares (não altere a posição das tabelas a menos que atualize os limites definidos).
A7: • A sheet DASHBOARD dá-lhe um resumo automático do planeamento.
A8: • Use CONTENT BACKLOG para guardar ideias soltas sem data agendada.
A9: • Insira dados reais de performance na sheet LEADS & RESULTS com consistência.
A11: Significado dos Estados (Status):
A12: • Idea: Apenas um conceito a explorar.
A13: • Draft: Textos a serem redigidos ou ativos em criação.
A14: • Needs Review: Aguarda aprovação do cliente ou diretor criativo.
... A19: • Archived: Ideia ou draft cancelado.

Sheet SETTINGS
A1: Platforms | B1: Post Types | C1: Funnel Stage | D1: Objective | E1: CTA | F1: Status | G1: Content Pillars | H1: UTM Templates | I1: KPI Principal | J1: Angle Type
A2: Instagram | B2: Reels | C2: Awareness | D2: Traffic | E2: Pedir orçamento | F2: Idea | G2: Work/Portfolio | H2: utm_source | I2: Clicks | J2: Educativo
A3: Facebook | B3: Carousel | C3: Consideration | D3: Leads | E3: Ver portfólio | F3: Draft | G3: Behind the scenes | H3: utm_medium | I3: Leads | J3: Autoridade
A4: LinkedIn | B4: Single Image | C4: Conversion | D4: Branding | E4: Ler artigo | F4: Needs Review | G4: Tips/Value | H4: utm_campaign | I4: Engagement | J4: Prova Social
B5: Story | D5: Community | E5: Contactar | F5: Approved | G5: Case studies | H5: utm_content | J5: Conversão
B6: Static Video | E6: Saber mais | F6: Scheduled | G6: Services
F7: Published | G7: Testimonials
F8: Repurpose | G8: Culture
F9: Archived

Sheet CALENDAR
A1: Week | B1: Date | C1: Day | D1: Platform | E1: Content Pillar | F1: Post Type | G1: Objective | H1: Funnel Stage | I1: Topic/Angle | J1: Hook | K1: Caption PT | L1: Caption EN | M1: CTA | N1: Link | O1: UTM Campaign | P1: Final URL with UTM | Q1: Asset Needed | R1: Asset Type | S1: Asset Owner | T1: Copy Owner | U1: Due Date | V1: Status | W1: Approval | X1: Publish DateTime | Y1: Notes | Z1: KPI Principal | AA1: Angle Type | AB1: Problem Being Addressed
A2: 1 | B2: 46085 | C2: Quarta-feira | D2: Instagram | E2: Work/Portfolio | F2: Carousel | G2: Traffic | H2: Consideration | I2: Novo Projeto Lançado | J2: Vê como transformámos a marca X | K2: Exemplo de texto PT sobre: Novo Projeto Lançado | L2: EN text example about: Novo Projeto Lançado | M2: Ver portfólio | N2: https://sueste.com/ | O2: social_w1 | P2: =IF(ISBLANK(N2), "", N2&"?utm_source="&LOWER(D2)&"&utm_medium=social&utm_campaign="&O2) | Q2: Sim | R2: Design | S2: Equipa Design | T2: Equipa Copy | U2: 46082 | V2: Idea | W2: Não | X2: 46085.458 | Z2: Clicks | AA2: Educativo | AB2: Desafio de crescimento e visibilidade B2B
A3: 1 | B3: 46088 | C3: Sábado | D3: Instagram | E3: Tips/Value | F3: Reels | G3: Leads | H3: Consideration | I3: 3 erros no design do site | J3: Estás a perder clientes se o teu site tem isto | K3: Exemplo de texto PT sobre: 3 erros no design do site | L3: EN text example about: 3 erros no design do site | M3: Pedir orçamento | N3: https://sueste.com/ | O3: social_w1 | P3: =IF(ISBLANK(N3), "", N3&"?utm_source="&LOWER(D3)&"&utm_medium=social&utm_campaign="&O3) | Q3: Sim | R3: Design | S3: Equipa Design | T3: Equipa Copy | U3: 46085 | V3: Idea | W3: Não | X3: 46088.75 | Z3: Leads | AA3: Prova Social | AB3: Desafio de crescimento e visibilidade B2B
A4: 2 | B4: 46092 | C4: Quarta-feira | D4: Instagram | E4: Behind the scenes | F4: Story | G4: Community | H4: Awareness | I4: Reunião de brainstorm | J4: Espreita como nascem as ideias | K4: Exemplo de texto PT sobre: Reunião de brainstorm | L4: EN text example about: Reunião de brainstorm | M4: Saber mais | N4: https://sueste.com/ | O4: social_w2 | P4: =IF(ISBLANK(N4), "", N4&"?utm_source="&LOWER(D4)&"&utm_medium=social&utm_campaign="&O4) | Q4: Sim | R4: Design | S4: Equipa Design | T4: Equipa Copy | U4: 46089 | V4: Idea | W4: Não | X4: 46092.438 | Z4: Engagement | AA4: Autoridade | AB4: Desafio de crescimento e visibilidade B2B
A5: 2 | B5: 46095 | C5: Sábado | D5: Instagram | E5: Services | F5: Single Image | G5: Leads | H5: Conversion | I5: Pacote Criação Websites | J5: Precisa de um site novo este mês? | K5: Exemplo de texto PT sobre: Pacote Criação Websites | L5: EN text example about: Pacote Criação Websites | M5: Contactar | N5: https://sueste.com/ | O5: social_w2 | P5: =IF(ISBLANK(N5), "", N5&"?utm_source="&LOWER(D5)&"&utm_medium=social&utm_campaign="&O5) | Q5: Sim | R5: Design | S5: Equipa Design | T5: Equipa Copy | U5: 46092 | V5: Idea | W5: Não | X5: 46095.583 | Z5: Leads | AA5: Conversão | AB5: Desafio de crescimento e visibilidade B2B
A6: 3 | B6: 46099 | C6: Quarta-feira | D6: Instagram | E6: Testimonials | F6: Static Video | G6: Branding | H6: Consideration | I6: O que dizem de nós | J6: "A Sueste mudou o nosso negócio" | K6: Exemplo de texto PT sobre: O que dizem de nós | L6: EN text example about: O que dizem de nós | M6: Ver portfólio | N6: https://sueste.com/ | O6: social_w3 | P6: =IF(ISBLANK(N6), "", N6&"?utm_source="&LOWER(D6)&"&utm_medium=social&utm_campaign="&O6) | Q6: Sim | R6: Design | S6: Equipa Design | T6: Equipa Copy | U6: 46096 | V6: Idea | W6: Não | X6: 46099.729 | Z6: Engagement | AA6: Educativo | AB6: Desafio de crescimento e visibilidade B2B
A7: 3 | B7: 46102 | C7: Sábado | D7: Instagram | E7: Culture | F7: Carousel | G7: Community | H7: Awareness | I7: 1 dia no nosso escritório | J7: Hoje a equipa da Sueste esteve focada em... | K7: Exemplo de texto PT sobre: 1 dia no nosso escritório | L7: EN text example about: 1 dia no nosso escritório | M7: Saber mais | N7: https://sueste.com/ | O7: social_w3 | P7: =IF(ISBLANK(N7), "", N7&"?utm_source="&LOWER(D7)&"&utm_medium=social&utm_campaign="&O7) | Q7: Sim | R7: Design | S7: Equipa Design | T7: Equipa Copy | U7: 46099 | V7: Idea | W7: Não | X7: 46102.375 | Z7: Engagement | AA7: Autoridade | AB7: Desafio de crescimento e visibilidade B2B
A8: 4 | B8: 46106 | C8: Quarta-feira | D8: Instagram | E8: Case studies | F8: Reels | G8: Traffic | H8: Consideration | I8: Aumento de 200% tráfego | J8: Como fizemos o site Y crescer 200% | K8: Exemplo de texto PT sobre: Aumento de 200% tráfego | L8: EN text example about: Aumento de 200% tráfego | M8: Ler artigo | N8: https://sueste.com/ | O8: social_w4 | P8: =IF(ISBLANK(N8), "", N8&"?utm_source="&LOWER(D8)&"&utm_medium=social&utm_campaign="&O8) | Q8: Sim | R8: Design | S8: Equipa Design | T8: Equipa Copy | U8: 46103 | V8: Idea | W8: Não | X8: 46106.792 | Z8: Clicks | AA8: Educativo | AB8: Desafio de crescimento e visibilidade B2B
A9: 4 | B9: 46109 | C9: Sábado | D9: Instagram | E9: Work/Portfolio | F9: Carousel | G9: Traffic | H9: Consideration | I9: Novo Projeto Lançado | J9: Vê como transformámos a marca X | K9: Exemplo de texto PT sobre: Novo Projeto Lançado | L9: EN text example about: Novo Projeto Lançado | M9: Ver portfólio | N9: https://sueste.com/ | O9: social_w4 | P9: =IF(ISBLANK(N9), "", N9&"?utm_source="&LOWER(D9)&"&utm_medium=social&utm_campaign="&O9) | Q9: Sim | R9: Design | S9: Equipa Design | T9: Equipa Copy | U9: 46106 | V9: Idea | W9: Não | X9: 46109.458 | Z9: Clicks | AA9: Educativo | AB9: Desafio de crescimento e visibilidade B2B
A10: 5 | B10: 46112.958 | C10: Quarta-feira | D10: Instagram | E10: Tips/Value | F10: Reels | G10: Leads | H10: Consideration | I10: 3 erros no design do site | J10: Estás a perder clientes se o teu site tem isto | K10: Exemplo de texto PT sobre: 3 erros no design do site | L10: EN text example about: 3 erros no design do site | M10: Pedir orçamento | N10: https://sueste.com/ | O10: social_w5 | P10: =IF(ISBLANK(N10), "", N10&"?utm_source="&LOWER(D10)&"&utm_medium=social&utm_campaign="&O10) | Q10: Sim | R10: Design | S10: Equipa Design | T10: Equipa Copy | U10: 46110 | V10: Idea | W10: Não | X10: 46113.708 | Z10: Leads | AA10: Prova Social | AB10: Desafio de crescimento e visibilidade B2B
A11: 5 | B11: 46115.958 | C11: Sábado | D11: Instagram | E11: Behind the scenes | F11: Story | G11: Community | H11: Awareness | I11: Reunião de brainstorm | J11: Espreita como nascem as ideias | K11: Exemplo de texto PT sobre: Reunião de brainstorm | L11: EN text example about: Reunião de brainstorm | M11: Saber mais | N11: https://sueste.com/ | O11: social_w5 | P11: =IF(ISBLANK(N11), "", N11&"?utm_source="&LOWER(D11)&"&utm_medium=social&utm_campaign="&O11) | Q11: Sim | R11: Design | S11: Equipa Design | T11: Equipa Copy | U11: 46112.958 | V11: Idea | W11: Não | X11: 46116.396 | Z11: Engagement | AA11: Autoridade | AB11: Desafio de crescimento e visibilidade B2B
A12: 6 | B12: 46119.958 | C12: Quarta-feira | D12: Instagram | E12: Services | F12: Single Image | G12: Leads | H12: Conversion | I12: Pacote Criação Websites | J12: Precisa de um site novo este mês? | K12: Exemplo de texto PT sobre: Pacote Criação Websites | L12: EN text example about: Pacote Criação Websites | M12: Contactar | N12: https://sueste.com/ | O12: social_w6 | P12: =IF(ISBLANK(N12), "", N12&"?utm_source="&LOWER(D12)&"&utm_medium=social&utm_campaign="&O12) | Q12: Sim | R12: Design | S12: Equipa Design | T12: Equipa Copy | U12: 46116.958 | V12: Idea | W12: Não | X12: 46120.542 | Z12: Leads | AA12: Conversão | AB12: Desafio de crescimento e visibilidade B2B
A13: 6 | B13: 46122.958 | C13: Sábado | D13: Instagram | E13: Testimonials | F13: Static Video | G13: Branding | H13: Consideration | I13: O que dizem de nós | J13: "A Sueste mudou o nosso negócio" | K13: Exemplo de texto PT sobre: O que dizem de nós | L13: EN text example about: O que dizem de nós | M13: Ver portfólio | N13: https://sueste.com/ | O13: social_w6 | P13: =IF(ISBLANK(N13), "", N13&"?utm_source="&LOWER(D13)&"&utm_medium=social&utm_campaign="&O13) | Q13: Sim | R13: Design | S13: Equipa Design | T13: Equipa Copy | U13: 46119.958 | V13: Idea | W13: Não | X13: 46123.688 | Z13: Engagement | AA13: Educativo | AB13: Desafio de crescimento e visibilidade B2B
... A25: 12 | B25: 46164.958 | C25: Sábado | D25: Instagram | E25: Behind the scenes | F25: Story | G25: Community | H25: Awareness | I25: Reunião de brainstorm | J25: Espreita como nascem as ideias | K25: Exemplo de texto PT sobre: Reunião de brainstorm | L25: EN text example about: Reunião de brainstorm | M25: Saber mais | N25: https://sueste.com/ | O25: social_w12 | P25: =IF(ISBLANK(N25), "", N25&"?utm_source="&LOWER(D25)&"&utm_medium=social&utm_campaign="&O25) | Q25: Sim | R25: Design | S25: Equipa Design | T25: Equipa Copy | U25: 46161.958 | V25: Idea | W25: Não | X25: 46165.396 | Z25: Engagement | AA25: Autoridade | AB25: Desafio de crescimento e visibilidade B2B

Sheet CONTENT BACKLOG
A1: Idea Title | B1: Description | C1: Content Pillar | D1: Objective | E1: Funnel Stage | F1: Notes | G1: Priority | H1: Status | I1: Link/Reference
A2: O teu site afasta clientes? | B2: 3 sinais de que o UI do teu site precisa de refactor urgente. | C2: Tips/Value | D2: Traffic | E2: Awareness | F2: Focar em métricas de bounce rate | G2: Alta | H2: Idea | I2: sueste.com/blog/ui
A3: Sueste Behind the Scenes | B3: Como fazemos QA antes de um lançamento de site. | C3: Behind the scenes | D3: Branding | E3: Consideration | F3: Checklist de dev | G3: Média | H3: Draft
A4: Aumentar Leads em B2B | B4: Porque formulários longos estão a matar a tua conversão. | C4: Tips/Value | D4: Leads | E4: Consideration | F4: Mostrar antes e depois num mockup | G4: Alta | H4: Idea
A5: Cliente X: Crescimento de 150% | B5: Como refizemos a presença digital da marca X e aumentámos conversões. | C5: Case studies | D5: Leads | E5: Conversion | F5: Vídeo focado nos dados reais. | G5: Alta | H5: Needs Review
A6: Branding não é só um logotipo | B6: O que o teu cliente realmente vê quando olha para a tua marca. | C6: Tips/Value | D6: Community | E6: Awareness | F6: Carrossel c/ exemplos visuais | G6: Média | H6: Idea
A7: O nosso processo Criativo | B7: Da ideia ao design final no Figma. | C7: Culture | D7: Branding | E7: Consideration | F7: Reels em fast-forward | G7: Alta | H7: Draft
A8: Porque a Sueste? | B8: Diferenças entre uma agência genérica e uma focada em conversão e design premium. | C8: Services | D8: Leads | E8: Conversion | F8: Ataque ao mercado de fast-food design | G8: Alta | H8: Idea
A9: Teste de 5 Segundos | B9: Pede ao utilizador para olhar para o site dele e dizer o que a empresa faz em 5s. | C9: Tips/Value | D9: Traffic | E9: Awareness | F9: Carrossel interativo | G9: Média | H9: Idea
A10: O impacto do Copywriting | B10: Um bom design num site não salva um texto confuso. | C10: Tips/Value | D10: Community | E10: Awareness | F10: Exemplo prático de troca de H1 | G10: Média | H10: Idea
A11: Reações reais ao nosso trabalho | B11: Vídeo do cliente a ver a primeira versão do site. | C11: Testimonials | D11: Branding | E11: Consideration | F11: Se possível gravação de ecrã/voz | G11: Alta | H11: Idea
A12: Tipografia Importa | B12: Como fontes erradas afetam a credibilidade da tua empresa. | C12: Tips/Value | D12: Traffic | E12: Awareness | F12: Comparação Comic Sans vs Inter | G12: Baixa | H12: Idea
A13: Design Systems | B13: Porque criamos sempre um System UI para os clientes escalarem. | C13: Services | D13: Traffic | E13: Consideration | F13: Explicar a utilidade | G13: Média | H13: Draft
A14: UX vs UI | B14: Guerra de conceitos, qual a diferença? | C14: Tips/Value | D14: Community | E14: Awareness | F14: Meme ou gráfico simples | G14: Alta | H14: Idea
... A26: Testemunho: Empresa Y | B26: Como ajudámos a startup Y a faturar mais com uma alteração de layout. | C26: Testimonials | D26: Leads | E26: Conversion | F26: Citação direta e foto do cliente | G26: Alta | H26: Idea

Sheet LEADS & RESULTS
A1: Date | B1: Platform | C1: Post ID/URL | D1: Campaign | E1: Impressions | F1: Reach | G1: Engagements | H1: Clicks | I1: CTR | J1: Leads | K1: CPL | L1: Notes
I2: =IF(E2>0, H2/E2, 0)
I3: =IF(E3>0, H3/E3, 0)
I4: =IF(E4>0, H4/E4, 0)
I5: =IF(E5>0, H5/E5, 0)
I6: =IF(E6>0, H6/E6, 0)
I7: =IF(E7>0, H7/E7, 0)
I8: =IF(E8>0, H8/E8, 0)
I9: =IF(E9>0, H9/E9, 0)
I10: =IF(E10>0, H10/E10, 0)
I11: =IF(E11>0, H11/E11, 0)
I12: =IF(E12>0, H12/E12, 0)
I13: =IF(E13>0, H13/E13, 0)
... I50: =IF(E50>0, H50/E50, 0)

Sheet DASHBOARD
B2: 📊 DASHBOARD E MÉTRICAS
B4: Total Posts Planeados: | C4: =COUNTA(CALENDAR!A2:A501)
B6: ESTADOS DE PUBLICAÇÃO:
B7: Posts - Idea: | C7: =COUNTIF(CALENDAR!V2:V501, "Idea")
B8: Posts - Draft: | C8: =COUNTIF(CALENDAR!V2:V501, "Draft")
B9: Posts - Needs Review: | C9: =COUNTIF(CALENDAR!V2:V501, "Needs Review")
B10: Posts - Approved: | C10: =COUNTIF(CALENDAR!V2:V501, "Approved")
B11: Posts - Scheduled: | C11: =COUNTIF(CALENDAR!V2:V501, "Scheduled")
B12: Posts - Published: | C12: =COUNTIF(CALENDAR!V2:V501, "Published")
B14: MÉTRICAS CORE GLOBAIS:
B15: Total Clicks: | C15: =SUM('LEADS & RESULTS'!H:H)
B16: Total Leads: | C16: =SUM('LEADS & RESULTS'!J:J)
B17: CTR Médio: | C17: =IFERROR(SUM('LEADS & RESULTS'!H:H)/SUM('LEADS & RESULTS'!E:E), 0)
B19: 🏆 TOP 5 POSTS (MÉTRICAS)
B20: Rank | C20: Campanha (Clicks) | D20: Qtd Clicks | F20: Rank | G20: Campanha (Leads) | H20: Qtd Leads
B21: 1 | C21: =IF(D21>0, INDEX('LEADS & RESULTS'!D$2:D$100, MATCH(D21, 'LEADS & RESULTS'!H$2:H$100, 0)), "-") | D21: =IFERROR(LARGE('LEADS & RESULTS'!H$2:H$100, 1), 0) | F21: 1 | G21: =IF(H21>0, INDEX('LEADS & RESULTS'!D$2:D$100, MATCH(H21, 'LEADS & RESULTS'!J$2:J$100, 0)), "-") | H21: =IFERROR(LARGE('LEADS & RESULTS'!J$2:J$100, 1), 0)
B22: 2 | C22: =IF(D22>0, INDEX('LEADS & RESULTS'!D$2:D$100, MATCH(D22, 'LEADS & RESULTS'!H$2:H$100, 0)), "-") | D22: =IFERROR(LARGE('LEADS & RESULTS'!H$2:H$100, 2), 0) | F22: 2 | G22: =IF(H22>0, INDEX('LEADS & RESULTS'!D$2:D$100, MATCH(H22, 'LEADS & RESULTS'!J$2:J$100, 0)), "-") | H22: =IFERROR(LARGE('LEADS & RESULTS'!J$2:J$100, 2), 0)
B23: 3 | C23: =IF(D23>0, INDEX('LEADS & RESULTS'!D$2:D$100, MATCH(D23, 'LEADS & RESULTS'!H$2:H$100, 0)), "-") | D23: =IFERROR(LARGE('LEADS & RESULTS'!H$2:H$100, 3), 0) | F23: 3 | G23: =IF(H23>0, INDEX('LEADS & RESULTS'!D$2:D$100, MATCH(H23, 'LEADS & RESULTS'!J$2:J$100, 0)), "-") | H23: =IFERROR(LARGE('LEADS & RESULTS'!J$2:J$100, 3), 0)
B24: 4 | C24: =IF(D24>0, INDEX('LEADS & RESULTS'!D$2:D$100, MATCH(D24, 'LEADS & RESULTS'!H$2:H$100, 0)), "-") | D24: =IFERROR(LARGE('LEADS & RESULTS'!H$2:H$100, 4), 0) | F24: 4 | G24: =IF(H24>0, INDEX('LEADS & RESULTS'!D$2:D$100, MATCH(H24, 'LEADS & RESULTS'!J$2:J$100, 0)), "-") | H24: =IFERROR(LARGE('LEADS & RESULTS'!J$2:J$100, 4), 0)
B25: 5 | C25: =IF(D25>0, INDEX('LEADS & RESULTS'!D$2:D$100, MATCH(D25, 'LEADS & RESULTS'!H$2:H$100, 0)), "-") | D25: =IFERROR(LARGE('LEADS & RESULTS'!H$2:H$100, 5), 0) | F25: 5 | G25: =IF(H25>0, INDEX('LEADS & RESULTS'!D$2:D$100, MATCH(H25, 'LEADS & RESULTS'!J$2:J$100, 0)), "-") | H25: =IFERROR(LARGE('LEADS & RESULTS'!J$2:J$100, 5), 0)
B27: Nota: A tabela "Top 5" usa algoritmos simples. Pode haver repetição de campanha se existirem múltiplas com os mesmos números exactos.
